N,P,K,temperature,humidity,ph,rainfall
90,42,43,20.879744,82.002744,6.502985,202.935536
